iteration,train_loss,val_loss
0,4.890719413757324,3.8939368724823
1,3.933413028717041,3.0423574447631836
2,3.110895872116089,2.3678390979766846
3,2.4184412956237793,1.8379414081573486
4,1.9403513669967651,1.4314308166503906
5,1.517259120941162,1.1263947486877441
6,1.2272741794586182,0.8997757434844971
7,0.9457192420959473,0.7323846220970154
8,0.7985008955001831,0.6078544855117798
9,0.660356342792511,0.5145030617713928
