iteration,train_loss,val_loss
0,4.19948148727417,3.309964895248413
1,3.371539831161499,2.5714657306671143
2,2.6026766300201416,2.006864309310913
3,2.070268154144287,1.5832490921020508
4,1.6526180505752563,1.2651464939117432
5,1.3370112180709839,1.0244264602661133
6,1.0589995384216309,0.8417889475822449
7,0.9012433290481567,0.7028741240501404
8,0.7497040629386902,0.5966095924377441
9,0.6378095746040344,0.5149695873260498
